{"cameraMode":{"drawMode":0,"name":"Shaded","section":"Shading Mode"},"sceneLighting":true,"audioPlay":false,"sceneViewState":{"showFog":true,"showMaterialUpdate":false,"showSkybox":true,"showFlares":true,"showImageEffects":true,"showParticleSystems":true},"in2DMode":false,"pivot":{"x":0.09797972440719605,"y":0.8064590692520142,"z":-3.5312938690185549},"rotation":{"x":-0.0030749724246561529,"y":-0.991551399230957,"z":0.12742504477500916,"w":-0.024068264290690423},"size":4.583689212799072,"orthographic":false}