{"cameraMode":{"drawMode":0,"name":"Shaded","section":"Shading Mode"},"sceneLighting":false,"audioPlay":false,"sceneViewState":{"showFog":true,"showMaterialUpdate":false,"showSkybox":false,"showFlares":true,"showImageEffects":true,"showParticleSystems":true},"in2DMode":false,"pivot":{"x":0.1899576187133789,"y":1.516596794128418,"z":-0.0011776238679885865},"rotation":{"x":-0.02973572537302971,"y":0.9605526328086853,"z":-0.11320064216852188,"w":-0.2522699236869812},"size":0.781771719455719,"orthographic":false}