{"cameraMode":{"drawMode":0,"name":"Shaded","section":"Shading Mode"},"sceneLighting":false,"audioPlay":false,"sceneViewState":{"showFog":true,"showMaterialUpdate":false,"showSkybox":false,"showFlares":true,"showImageEffects":true,"showParticleSystems":true},"in2DMode":false,"pivot":{"x":0.6000000238418579,"y":-5.181000232696533,"z":-0.6230000257492065},"rotation":{"x":0.08799966424703598,"y":0.8031174540519714,"z":-0.12261062860488892,"w":0.576389729976654},"size":0.2953639030456543,"orthographic":true}